{
    "train": [
        34.07665306813008,
        13.938513771988251,
        -10.190153859112714,
        -16.457695623346275,
        -18.070922925021193,
        -18.909006676158388,
        -19.819777004138842,
        -19.988554461582286,
        -20.121027229927684,
        -20.147575499882567,
        -20.357639899124973,
        -21.09346972929465,
        -21.7624541859369,
        -22.023223036044353,
        -22.334112729575182,
        -22.479100987717914,
        -22.65565020973618,
        -22.838188229380428,
        -23.041116537274544,
        -22.878297593142538,
        -23.073933897791683,
        -23.230653888470417,
        -23.324127073223526,
        -23.4684505752615,
        -23.771161842990566,
        -23.52115149111361,
        -23.732257275967985,
        -24.130193703883403,
        -23.986274284285468,
        -24.122001620563303,
        -24.416734724431425,
        -24.53064362745027,
        -24.572335275443827,
        -24.493284478380875,
        -24.954929487125295,
        -25.12173572746483,
        -25.20803719920081,
        -25.199280236218428,
        -25.254992004987358,
        -25.147169538446377,
        -25.16799414802242,
        -25.140186644889212,
        -25.49964579698202,
        -25.8871390175175,
        -25.386842769545478,
        -26.105189713271887,
        -25.86422292606251,
        -26.988007816108496,
        -29.004156135224008,
        -32.74656889446683
    ],
    "val": [
        28.444653701782226,
        -2.176600775718689,
        -14.7372548019886,
        -17.208072686195372,
        -18.354163932800294,
        -19.072854828834533,
        -19.669738845825194,
        -19.794108123779296,
        -19.79675317764282,
        -20.088263866901396,
        -20.311479663848875,
        -20.98129324913025,
        -21.368361783027648,
        -21.542382860183714,
        -21.98905220031738,
        -22.30224506855011,
        -22.42957193851471,
        -22.196527576446535,
        -22.403253841400147,
        -22.313564348220822,
        -22.761706256866454,
        -23.19194221496582,
        -23.32013330459595,
        -23.379907107353212,
        -23.570549249649048,
        -23.461242747306823,
        -23.840534186363218,
        -23.77879810333252,
        -24.13739104270935,
        -24.19944484233856,
        -24.29601652622223,
        -23.91214017868042,
        -24.302253580093385,
        -24.695278263092042,
        -24.94148187637329,
        -25.03425080776215,
        -24.972804880142213,
        -24.846486568450928,
        -24.773546075820924,
        -24.54715654850006,
        -24.325006222724912,
        -25.630032300949097,
        -25.4593368768692,
        -25.666244864463806,
        -25.636793112754823,
        -25.771340990066527,
        -26.307980585098267,
        -27.142613530158997,
        -30.75055456161499,
        -33.490613269805905
    ],
    "beta": [
        0.0,
        0.1,
        0.2,
        0.3,
        0.4,
        0.5,
        0.6,
        0.7,
        0.8,
        0.9,
        1.0,
        1.0,
        1.0,
        1.0,
        1.0,
        1.0,
        1.0,
        1.0,
        1.0,
        1.0,
        1.0,
        1.0,
        1.0,
        1.0,
        1.0,
        1.0,
        1.0,
        1.0,
        1.0,
        1.0,
        1.0,
        1.0,
        1.0,
        1.0,
        1.0,
        1.0,
        1.0,
        1.0,
        1.0,
        1.0,
        1.0,
        1.0,
        1.0,
        1.0,
        1.0,
        1.0,
        1.0,
        1.0,
        1.0,
        1.0
    ]
}